{"cameraMode":{"drawMode":0,"name":"Shaded","section":"Shading Mode"},"sceneLighting":true,"audioPlay":false,"sceneViewState":{"showFog":true,"showMaterialUpdate":false,"showSkybox":true,"showFlares":true,"showImageEffects":true,"showParticleSystems":true},"in2DMode":false,"pivot":{"x":9.601408004760743,"y":6.816659927368164,"z":7.267583847045898},"rotation":{"x":0.20802649855613709,"y":0.06303926557302475,"z":-0.013436354696750641,"w":0.9759974479675293},"size":11.597105979919434,"orthographic":false}