{"cameraMode":{"drawMode":0,"name":"Shaded","section":"Shading Mode"},"sceneLighting":false,"audioPlay":false,"sceneViewState":{"showFog":true,"showMaterialUpdate":false,"showSkybox":false,"showFlares":true,"showImageEffects":true,"showParticleSystems":true},"in2DMode":false,"pivot":{"x":0.0,"y":1.6096999645233155,"z":-0.42500001192092898},"rotation":{"x":-0.2873338460922241,"y":0.3371008038520813,"z":-0.10884159058332443,"w":-0.8899194598197937},"size":0.6928203105926514,"orthographic":false}