{"cameraMode":{"drawMode":0,"name":"Shaded","section":"Shading Mode"},"sceneLighting":false,"audioPlay":false,"sceneViewState":{"showFog":true,"showMaterialUpdate":false,"showSkybox":false,"showFlares":true,"showImageEffects":true,"showParticleSystems":true},"in2DMode":false,"pivot":{"x":18.89617919921875,"y":-7.59499979019165,"z":27.563739776611329},"rotation":{"x":-0.6095253229141235,"y":-0.008088892325758934,"z":0.0062194038182497028,"w":-0.7927038669586182},"size":8.393800735473633,"orthographic":true}